dataset,instance_id,true_label,rf_prediction,rf_correct,shap_top1_feature,shap_top3_features,shap_top5_features,shap_top5_abs_values
synthetic,winding_short_001_w420,winding_short,winding_short,True,vibration_delta_mean,"[""vibration_delta_mean"", ""vibration_slope"", ""current_slope""]","[""vibration_delta_mean"", ""vibration_slope"", ""current_slope"", ""current_delta_mean"", ""current_z_last""]","[0.21791385396945898, 0.21460949140717797, 0.12129758731230518, 0.0919042598127712, 0.05228210569800925]"
synthetic,winding_short_001_w480,winding_short,winding_short,True,vibration_delta_mean,"[""vibration_delta_mean"", ""vibration_slope"", ""temperature_slope""]","[""vibration_delta_mean"", ""vibration_slope"", ""temperature_slope"", ""temperature_delta_mean"", ""current_slope""]","[0.1817065787106116, 0.17537013773826096, 0.149513680382254, 0.13883386737717593, 0.05817115116232099]"
synthetic,winding_short_003_w360,winding_short,winding_short,True,vibration_delta_mean,"[""vibration_delta_mean"", ""vibration_slope"", ""temperature_slope""]","[""vibration_delta_mean"", ""vibration_slope"", ""temperature_slope"", ""temperature_delta_mean"", ""current_slope""]","[0.18111782896326772, 0.1750715911480323, 0.14950999553024666, 0.13791089510783108, 0.05904470946206055]"
synthetic,winding_short_003_w480,winding_short,winding_short,True,vibration_delta_mean,"[""vibration_delta_mean"", ""vibration_slope"", ""temperature_slope""]","[""vibration_delta_mean"", ""vibration_slope"", ""temperature_slope"", ""temperature_delta_mean"", ""current_slope""]","[0.1817065787106116, 0.17537013773826096, 0.149513680382254, 0.13883386737717593, 0.05817115116232099]"
synthetic,winding_short_005_w300,winding_short,winding_short,True,vibration_delta_mean,"[""vibration_delta_mean"", ""vibration_slope"", ""temperature_slope""]","[""vibration_delta_mean"", ""vibration_slope"", ""temperature_slope"", ""temperature_delta_mean"", ""current_slope""]","[0.18656206672408945, 0.17929539875777678, 0.11969260205124789, 0.1119009691006698, 0.08415129023439438]"
synthetic,winding_short_005_w360,winding_short,winding_short,True,vibration_delta_mean,"[""vibration_delta_mean"", ""vibration_slope"", ""temperature_slope""]","[""vibration_delta_mean"", ""vibration_slope"", ""temperature_slope"", ""temperature_delta_mean"", ""current_slope""]","[0.18163412356823755, 0.1752225045714818, 0.14972953886568022, 0.13926367871341333, 0.05831698638719359]"
synthetic,winding_short_005_w420,winding_short,winding_short,True,vibration_delta_mean,"[""vibration_delta_mean"", ""vibration_slope"", ""current_slope""]","[""vibration_delta_mean"", ""vibration_slope"", ""current_slope"", ""current_delta_mean"", ""current_z_last""]","[0.2166777108910129, 0.21464183715766177, 0.12161032243300023, 0.09209766912401736, 0.05160056184919611]"
synthetic,winding_short_018_w360,winding_short,winding_short,True,vibration_delta_mean,"[""vibration_delta_mean"", ""vibration_slope"", ""temperature_slope""]","[""vibration_delta_mean"", ""vibration_slope"", ""temperature_slope"", ""temperature_delta_mean"", ""current_slope""]","[0.17898944068718528, 0.17487225712423027, 0.1489136805072298, 0.13905867182349438, 0.05810284881508956]"
synthetic,winding_short_025_w300,winding_short,winding_short,True,vibration_delta_mean,"[""vibration_delta_mean"", ""vibration_slope"", ""temperature_slope""]","[""vibration_delta_mean"", ""vibration_slope"", ""temperature_slope"", ""temperature_delta_mean"", ""current_slope""]","[0.1823224680554918, 0.17453561742850016, 0.12435172897875212, 0.11621469566259945, 0.08452006891657814]"
synthetic,winding_short_025_w420,winding_short,winding_short,True,vibration_delta_mean,"[""vibration_delta_mean"", ""vibration_slope"", ""current_slope""]","[""vibration_delta_mean"", ""vibration_slope"", ""current_slope"", ""current_delta_mean"", ""current_z_last""]","[0.21814333268717298, 0.21460949140717797, 0.12128925283632365, 0.09193172450494178, 0.05228210569800925]"
synthetic,winding_short_031_w300,winding_short,winding_short,True,vibration_delta_mean,"[""vibration_delta_mean"", ""vibration_slope"", ""temperature_slope""]","[""vibration_delta_mean"", ""vibration_slope"", ""temperature_slope"", ""temperature_delta_mean"", ""current_slope""]","[0.18660774357670537, 0.17930441364564195, 0.11971582447152915, 0.11192235947500134, 0.08412508936010527]"
synthetic,winding_short_031_w420,winding_short,winding_short,True,vibration_delta_mean,"[""vibration_delta_mean"", ""vibration_slope"", ""current_slope""]","[""vibration_delta_mean"", ""vibration_slope"", ""current_slope"", ""current_delta_mean"", ""current_z_last""]","[0.21818795428604557, 0.21460949140717797, 0.12131490316884934, 0.0919042598127712, 0.05228210569800925]"
synthetic,winding_short_031_w480,winding_short,winding_short,True,vibration_delta_mean,"[""vibration_delta_mean"", ""vibration_slope"", ""temperature_slope""]","[""vibration_delta_mean"", ""vibration_slope"", ""temperature_slope"", ""temperature_delta_mean"", ""current_slope""]","[0.18140273816612934, 0.17548435077929384, 0.1495907748564073, 0.13903680589877357, 0.05829302035936131]"
synthetic,winding_short_032_w420,winding_short,winding_short,True,vibration_delta_mean,"[""vibration_delta_mean"", ""vibration_slope"", ""current_slope""]","[""vibration_delta_mean"", ""vibration_slope"", ""current_slope"", ""current_delta_mean"", ""current_z_last""]","[0.21792569527672773, 0.21460949140717797, 0.1213065686928678, 0.09193172450494178, 0.05228210569800925]"
synthetic,winding_short_036_w360,winding_short,winding_short,True,vibration_delta_mean,"[""vibration_delta_mean"", ""vibration_slope"", ""temperature_slope""]","[""vibration_delta_mean"", ""vibration_slope"", ""temperature_slope"", ""temperature_delta_mean"", ""current_slope""]","[0.1810927482674147, 0.175359794709697, 0.14942522847675072, 0.13883386737717593, 0.05845716678068954]"
synthetic,winding_short_036_w480,winding_short,winding_short,True,vibration_delta_mean,"[""vibration_delta_mean"", ""vibration_slope"", ""temperature_slope""]","[""vibration_delta_mean"", ""vibration_slope"", ""temperature_slope"", ""temperature_delta_mean"", ""current_slope""]","[0.1811444854578241, 0.1750688403888695, 0.1496307414375011, 0.13876939875968874, 0.055285617451600856]"
synthetic,winding_short_041_w420,winding_short,winding_short,True,vibration_delta_mean,"[""vibration_delta_mean"", ""vibration_slope"", ""current_slope""]","[""vibration_delta_mean"", ""vibration_slope"", ""current_slope"", ""current_delta_mean"", ""current_z_last""]","[0.2181094026940066, 0.21457617716464528, 0.12123271819686604, 0.09193172450494178, 0.05228210569800925]"
synthetic,winding_short_043_w360,winding_short,winding_short,True,vibration_delta_mean,"[""vibration_delta_mean"", ""vibration_slope"", ""temperature_slope""]","[""vibration_delta_mean"", ""vibration_slope"", ""temperature_slope"", ""temperature_delta_mean"", ""current_slope""]","[0.18155367312318063, 0.17540332580687684, 0.1495907748564073, 0.13883386737717593, 0.058195898637068456]"
synthetic,winding_short_043_w420,winding_short,winding_short,True,vibration_delta_mean,"[""vibration_delta_mean"", ""vibration_slope"", ""current_slope""]","[""vibration_delta_mean"", ""vibration_slope"", ""current_slope"", ""current_delta_mean"", ""current_z_last""]","[0.21800071617514585, 0.2146647374818713, 0.12104866993414691, 0.091885059220769, 0.0529617222823155]"
synthetic,bearing_friction_002_w480,bearing_friction,bearing_friction,True,vibration_slope,"[""vibration_slope"", ""vibration_delta_mean"", ""current_slope""]","[""vibration_slope"", ""vibration_delta_mean"", ""current_slope"", ""vibration_z_last"", ""current_delta_mean""]","[0.33887009663130696, 0.33505768819574583, 0.031353296173790034, 0.02839891197319644, 0.028072807379569832]"
synthetic,bearing_friction_007_w300,bearing_friction,bearing_friction,True,vibration_slope,"[""vibration_slope"", ""vibration_delta_mean"", ""vibration_z_last""]","[""vibration_slope"", ""vibration_delta_mean"", ""vibration_z_last"", ""temperature_delta_mean"", ""temperature_slope""]","[0.32687509375300905, 0.322908553081964, 0.06809481863102412, 0.02584784440254831, 0.020374207723776506]"
synthetic,bearing_friction_007_w360,bearing_friction,bearing_friction,True,vibration_slope,"[""vibration_slope"", ""vibration_delta_mean"", ""vibration_z_last""]","[""vibration_slope"", ""vibration_delta_mean"", ""vibration_z_last"", ""temperature_delta_mean"", ""current_slope""]","[0.32419471755782503, 0.320124787744933, 0.06856174800037133, 0.025918241150761863, 0.02182489144445018]"
synthetic,bearing_friction_007_w420,bearing_friction,bearing_friction,True,vibration_delta_mean,"[""vibration_delta_mean"", ""vibration_slope"", ""vibration_z_last""]","[""vibration_delta_mean"", ""vibration_slope"", ""vibration_z_last"", ""current_slope"", ""current_z_last""]","[0.3327848148451588, 0.3294653414465109, 0.07265427271903768, 0.01688728539930809, 0.013774245310191441]"
synthetic,bearing_friction_010_w300,bearing_friction,bearing_friction,True,vibration_delta_mean,"[""vibration_delta_mean"", ""vibration_slope"", ""vibration_z_last""]","[""vibration_delta_mean"", ""vibration_slope"", ""vibration_z_last"", ""temperature_delta_mean"", ""temperature_slope""]","[0.3240774727369785, 0.322809815256213, 0.06826483463280084, 0.025879624244084423, 0.020140275677061552]"
synthetic,bearing_friction_018_w300,bearing_friction,bearing_friction,True,vibration_slope,"[""vibration_slope"", ""vibration_delta_mean"", ""vibration_z_last""]","[""vibration_slope"", ""vibration_delta_mean"", ""vibration_z_last"", ""temperature_delta_mean"", ""temperature_slope""]","[0.32827457648710384, 0.32746721730709355, 0.05873651782077983, 0.026502979013172636, 0.020890544300460424]"
synthetic,bearing_friction_018_w360,bearing_friction,bearing_friction,True,vibration_slope,"[""vibration_slope"", ""vibration_delta_mean"", ""temperature_delta_mean""]","[""vibration_slope"", ""vibration_delta_mean"", ""temperature_delta_mean"", ""temperature_slope"", ""current_z_last""]","[0.33089275429322923, 0.3297562606297558, 0.03346199884697961, 0.029686826581364494, 0.02536310482960497]"
synthetic,bearing_friction_020_w360,bearing_friction,bearing_friction,True,vibration_slope,"[""vibration_slope"", ""vibration_delta_mean"", ""vibration_z_last""]","[""vibration_slope"", ""vibration_delta_mean"", ""vibration_z_last"", ""current_slope"", ""temperature_delta_mean""]","[0.32340937856795865, 0.3222371229600725, 0.07047356797980171, 0.02138231728372942, 0.01865713489143878]"
synthetic,bearing_friction_020_w480,bearing_friction,bearing_friction,True,vibration_delta_mean,"[""vibration_delta_mean"", ""vibration_slope"", ""vibration_z_last""]","[""vibration_delta_mean"", ""vibration_slope"", ""vibration_z_last"", ""current_slope"", ""current_delta_mean""]","[0.3280959283929969, 0.32710586008446263, 0.07321068507535052, 0.021318483758700085, 0.017224528698509083]"
synthetic,bearing_friction_022_w300,bearing_friction,bearing_friction,True,vibration_delta_mean,"[""vibration_delta_mean"", ""vibration_slope"", ""vibration_z_last""]","[""vibration_delta_mean"", ""vibration_slope"", ""vibration_z_last"", ""temperature_delta_mean"", ""temperature_slope""]","[0.3206998235314768, 0.31726608497442543, 0.06688559199479208, 0.025903416498553794, 0.021146931857012167]"
synthetic,bearing_friction_022_w420,bearing_friction,bearing_friction,True,vibration_delta_mean,"[""vibration_delta_mean"", ""vibration_slope"", ""current_slope""]","[""vibration_delta_mean"", ""vibration_slope"", ""current_slope"", ""current_delta_mean"", ""vibration_z_last""]","[0.3437278896374603, 0.3404242316151279, 0.02196196475987287, 0.01886313794353021, 0.018793514158253463]"
synthetic,bearing_friction_035_w300,bearing_friction,bearing_friction,True,vibration_slope,"[""vibration_slope"", ""vibration_delta_mean"", ""vibration_z_last""]","[""vibration_slope"", ""vibration_delta_mean"", ""vibration_z_last"", ""temperature_delta_mean"", ""temperature_slope""]","[0.3275495626038333, 0.327160212672687, 0.05873651782077983, 0.026502585324624014, 0.020968348250323197]"
synthetic,bearing_friction_035_w360,bearing_friction,bearing_friction,True,vibration_delta_mean,"[""vibration_delta_mean"", ""vibration_slope"", ""vibration_z_last""]","[""vibration_delta_mean"", ""vibration_slope"", ""vibration_z_last"", ""temperature_delta_mean"", ""temperature_slope""]","[0.3175795823023722, 0.3174925903234687, 0.06879118887163566, 0.02699679338264632, 0.02257543351353169]"
synthetic,bearing_friction_035_w420,bearing_friction,bearing_friction,True,vibration_delta_mean,"[""vibration_delta_mean"", ""vibration_slope"", ""vibration_z_last""]","[""vibration_delta_mean"", ""vibration_slope"", ""vibration_z_last"", ""current_slope"", ""current_z_last""]","[0.32763223792634555, 0.32654190998882493, 0.07379549465152774, 0.01919169126761114, 0.01811307491020519]"
synthetic,bearing_friction_038_w360,bearing_friction,bearing_friction,True,vibration_delta_mean,"[""vibration_delta_mean"", ""vibration_slope"", ""vibration_z_last""]","[""vibration_delta_mean"", ""vibration_slope"", ""vibration_z_last"", ""temperature_delta_mean"", ""temperature_slope""]","[0.3178842811990392, 0.3176898515486378, 0.06749008190363294, 0.02766826907150214, 0.023116285760281605]"
synthetic,bearing_friction_042_w300,bearing_friction,bearing_friction,True,vibration_slope,"[""vibration_slope"", ""vibration_delta_mean"", ""vibration_z_last""]","[""vibration_slope"", ""vibration_delta_mean"", ""vibration_z_last"", ""temperature_delta_mean"", ""temperature_slope""]","[0.32957041876535637, 0.32464822855374265, 0.07439907743778967, 0.025624089038236746, 0.019870519284247448]"
synthetic,bearing_friction_042_w360,bearing_friction,bearing_friction,True,vibration_delta_mean,"[""vibration_delta_mean"", ""vibration_slope"", ""vibration_z_last""]","[""vibration_delta_mean"", ""vibration_slope"", ""vibration_z_last"", ""temperature_delta_mean"", ""current_slope""]","[0.3218753737805637, 0.3211065853756025, 0.06972661910074321, 0.02385479600132432, 0.02064800754962335]"
synthetic,bearing_friction_044_w300,bearing_friction,bearing_friction,True,vibration_slope,"[""vibration_slope"", ""vibration_delta_mean"", ""vibration_z_last""]","[""vibration_slope"", ""vibration_delta_mean"", ""vibration_z_last"", ""temperature_delta_mean"", ""temperature_slope""]","[0.3266948498746327, 0.32285080248599685, 0.06840718027971937, 0.02587858646368253, 0.02033158988722168]"
synthetic,bearing_friction_044_w360,bearing_friction,bearing_friction,True,vibration_slope,"[""vibration_slope"", ""vibration_delta_mean"", ""vibration_z_last""]","[""vibration_slope"", ""vibration_delta_mean"", ""vibration_z_last"", ""temperature_delta_mean"", ""current_slope""]","[0.3245965765091555, 0.3218001536339568, 0.07327695625068953, 0.0249732560386513, 0.02192677088684491]"
synthetic,bearing_friction_044_w420,bearing_friction,bearing_friction,True,vibration_delta_mean,"[""vibration_delta_mean"", ""vibration_slope"", ""vibration_z_last""]","[""vibration_delta_mean"", ""vibration_slope"", ""vibration_z_last"", ""current_slope"", ""current_z_last""]","[0.32813091201432526, 0.3256125579341223, 0.07411909319272364, 0.01997090490780585, 0.017544495813404906]"
synthetic,bearing_friction_044_w480,bearing_friction,bearing_friction,True,vibration_delta_mean,"[""vibration_delta_mean"", ""vibration_slope"", ""vibration_z_last""]","[""vibration_delta_mean"", ""vibration_slope"", ""vibration_z_last"", ""current_slope"", ""temperature_slope""]","[0.32402327954804433, 0.3224683843686119, 0.07231908350299575, 0.018854071520159017, 0.017178978858670382]"
synthetic,overload_001_w300,overload,overload,True,vibration_delta_mean,"[""vibration_delta_mean"", ""vibration_slope"", ""current_z_last""]","[""vibration_delta_mean"", ""vibration_slope"", ""current_z_last"", ""current_slope"", ""current_delta_mean""]","[0.1903254811399847, 0.17479029808444188, 0.08273503116525927, 0.07999304680591954, 0.07073690415726468]"
synthetic,overload_001_w420,overload,overload,True,vibration_delta_mean,"[""vibration_delta_mean"", ""vibration_slope"", ""current_z_last""]","[""vibration_delta_mean"", ""vibration_slope"", ""current_z_last"", ""temperature_delta_mean"", ""current_slope""]","[0.20470680026132487, 0.18599789845422196, 0.08693757130926157, 0.07651620837279778, 0.07636902383616216]"
synthetic,overload_003_w300,overload,overload,True,vibration_slope,"[""vibration_slope"", ""vibration_delta_mean"", ""current_z_last""]","[""vibration_slope"", ""vibration_delta_mean"", ""current_z_last"", ""current_slope"", ""current_delta_mean""]","[0.21132226586260144, 0.20585049083677204, 0.1270819110537962, 0.0828521122735453, 0.07365590240102768]"
synthetic,overload_005_w300,overload,overload,True,vibration_slope,"[""vibration_slope"", ""vibration_delta_mean"", ""current_z_last""]","[""vibration_slope"", ""vibration_delta_mean"", ""current_z_last"", ""current_slope"", ""current_delta_mean""]","[0.21203189327421643, 0.2015988654513166, 0.13971719293561435, 0.08677981867758625, 0.07402181051801383]"
synthetic,overload_005_w420,overload,overload,True,vibration_delta_mean,"[""vibration_delta_mean"", ""vibration_slope"", ""temperature_delta_mean""]","[""vibration_delta_mean"", ""vibration_slope"", ""temperature_delta_mean"", ""temperature_slope"", ""current_slope""]","[0.19226227323267775, 0.17758579881553854, 0.10305928890852635, 0.09929387317121352, 0.07196799783860483]"
synthetic,overload_006_w300,overload,overload,True,vibration_slope,"[""vibration_slope"", ""vibration_delta_mean"", ""current_slope""]","[""vibration_slope"", ""vibration_delta_mean"", ""current_slope"", ""current_delta_mean"", ""current_z_last""]","[0.1940014794726277, 0.18378598532558713, 0.08104678147518578, 0.0706236633812948, 0.03278395378668085]"
synthetic,overload_007_w420,overload,overload,True,vibration_delta_mean,"[""vibration_delta_mean"", ""vibration_slope"", ""current_z_last""]","[""vibration_delta_mean"", ""vibration_slope"", ""current_z_last"", ""temperature_slope"", ""temperature_delta_mean""]","[0.18341835704889825, 0.16673134968068487, 0.09938817917159276, 0.09050669190975714, 0.08967288182318077]"
synthetic,overload_013_w360,overload,overload,True,vibration_slope,"[""vibration_slope"", ""vibration_delta_mean"", ""current_slope""]","[""vibration_slope"", ""vibration_delta_mean"", ""current_slope"", ""current_delta_mean"", ""current_z_last""]","[0.19486128966332555, 0.1927958378746181, 0.13804083766258746, 0.10888388438995068, 0.04733165335075505]"
synthetic,overload_013_w420,overload,overload,True,vibration_slope,"[""vibration_slope"", ""vibration_delta_mean"", ""temperature_delta_mean""]","[""vibration_slope"", ""vibration_delta_mean"", ""temperature_delta_mean"", ""temperature_slope"", ""current_slope""]","[0.19998392463227282, 0.19382355737083556, 0.0885168852844996, 0.08348569921004934, 0.06344370293256252]"
synthetic,overload_016_w300,overload,overload,True,vibration_slope,"[""vibration_slope"", ""vibration_delta_mean"", ""current_slope""]","[""vibration_slope"", ""vibration_delta_mean"", ""current_slope"", ""current_z_last"", ""current_delta_mean""]","[0.21884930439556766, 0.2014789164333621, 0.08470802802662813, 0.07467241685959179, 0.07450590974241174]"
synthetic,overload_034_w360,overload,overload,True,vibration_slope,"[""vibration_slope"", ""vibration_delta_mean"", ""current_slope""]","[""vibration_slope"", ""vibration_delta_mean"", ""current_slope"", ""current_delta_mean"", ""temperature_delta_mean""]","[0.20038376391553717, 0.19616064602579242, 0.1554085847875489, 0.12292866764241042, 0.0315373276369339]"
synthetic,overload_034_w420,overload,overload,True,vibration_delta_mean,"[""vibration_delta_mean"", ""vibration_slope"", ""temperature_delta_mean""]","[""vibration_delta_mean"", ""vibration_slope"", ""temperature_delta_mean"", ""temperature_slope"", ""current_z_last""]","[0.1698760249695593, 0.1548403388387924, 0.1108505334551873, 0.11044885272377195, 0.0753598654722661]"
synthetic,overload_035_w300,overload,overload,True,vibration_slope,"[""vibration_slope"", ""vibration_delta_mean"", ""current_slope""]","[""vibration_slope"", ""vibration_delta_mean"", ""current_slope"", ""current_delta_mean"", ""current_z_last""]","[0.17970229059237433, 0.16970993298842862, 0.05667686289191082, 0.05107276950305765, 0.028292357825732087]"
synthetic,overload_035_w360,overload,overload,True,vibration_slope,"[""vibration_slope"", ""vibration_delta_mean"", ""current_slope""]","[""vibration_slope"", ""vibration_delta_mean"", ""current_slope"", ""current_delta_mean"", ""temperature_delta_mean""]","[0.20855534737528886, 0.20359117389246037, 0.16231325081692627, 0.1301911358137549, 0.031666546905263326]"
synthetic,overload_039_w420,overload,overload,True,vibration_slope,"[""vibration_slope"", ""current_z_last"", ""vibration_delta_mean""]","[""vibration_slope"", ""current_z_last"", ""vibration_delta_mean"", ""current_slope"", ""temperature_slope""]","[0.13753093527265364, 0.13616948574959584, 0.12993465600071227, 0.07889428453406118, 0.07282660734687578]"
synthetic,overload_039_w480,overload,overload,True,vibration_delta_mean,"[""vibration_delta_mean"", ""vibration_slope"", ""current_slope""]","[""vibration_delta_mean"", ""vibration_slope"", ""current_slope"", ""current_delta_mean"", ""temperature_delta_mean""]","[0.20018074030681174, 0.19998969936541638, 0.1714571045094436, 0.13475232140732127, 0.026294929871944667]"
synthetic,overload_046_w300,overload,overload,True,vibration_slope,"[""vibration_slope"", ""vibration_delta_mean"", ""current_z_last""]","[""vibration_slope"", ""vibration_delta_mean"", ""current_z_last"", ""current_slope"", ""current_delta_mean""]","[0.20563249204416378, 0.20244538128367573, 0.14034527027304808, 0.08434859141235178, 0.07257083454293098]"
synthetic,overload_046_w360,overload,overload,True,vibration_slope,"[""vibration_slope"", ""vibration_delta_mean"", ""current_slope""]","[""vibration_slope"", ""vibration_delta_mean"", ""current_slope"", ""current_delta_mean"", ""temperature_delta_mean""]","[0.2053981824474684, 0.20367525460481126, 0.15786598353977663, 0.12294426327109793, 0.03276876940793704]"
synthetic,overload_046_w420,overload,overload,True,vibration_slope,"[""vibration_slope"", ""vibration_delta_mean"", ""current_slope""]","[""vibration_slope"", ""vibration_delta_mean"", ""current_slope"", ""current_delta_mean"", ""current_z_last""]","[0.20960921565785343, 0.19947252468990906, 0.07921864311227339, 0.06882102834186851, 0.06396861160976884]"
synthetic,sensor_drift_005_w480,sensor_drift,sensor_drift,True,vibration_slope,"[""vibration_slope"", ""vibration_delta_mean"", ""current_slope""]","[""vibration_slope"", ""vibration_delta_mean"", ""current_slope"", ""current_z_last"", ""temperature_delta_mean""]","[0.18865405057375742, 0.18794659245437986, 0.10671931456876475, 0.10109434772944627, 0.06892362278817582]"
synthetic,sensor_drift_024_w360,sensor_drift,sensor_drift,True,vibration_slope,"[""vibration_slope"", ""vibration_delta_mean"", ""current_slope""]","[""vibration_slope"", ""vibration_delta_mean"", ""current_slope"", ""current_z_last"", ""temperature_delta_mean""]","[0.18867532886191865, 0.18792158265304035, 0.10643292905248576, 0.10392510784841488, 0.06832558319327475]"
synthetic,sensor_drift_024_w480,sensor_drift,sensor_drift,True,vibration_slope,"[""vibration_slope"", ""vibration_delta_mean"", ""current_slope""]","[""vibration_slope"", ""vibration_delta_mean"", ""current_slope"", ""current_z_last"", ""temperature_delta_mean""]","[0.18822175581875317, 0.1879142417292559, 0.10698172643143648, 0.10065074779322891, 0.06893732166858695]"
synthetic,sensor_drift_027_w300,sensor_drift,sensor_drift,True,vibration_delta_mean,"[""vibration_delta_mean"", ""vibration_slope"", ""current_slope""]","[""vibration_delta_mean"", ""vibration_slope"", ""current_slope"", ""current_delta_mean"", ""temperature_delta_mean""]","[0.20394547719136813, 0.20149261544514077, 0.1157154792772408, 0.08328057977654366, 0.07819411500097796]"
synthetic,sensor_drift_027_w360,sensor_drift,sensor_drift,True,vibration_slope,"[""vibration_slope"", ""vibration_delta_mean"", ""current_slope""]","[""vibration_slope"", ""vibration_delta_mean"", ""current_slope"", ""current_z_last"", ""temperature_delta_mean""]","[0.18880098211606153, 0.18849981947516767, 0.10512378006025046, 0.10389647188332596, 0.06831893568092744]"
synthetic,sensor_drift_029_w300,sensor_drift,sensor_drift,True,vibration_slope,"[""vibration_slope"", ""vibration_delta_mean"", ""current_z_last""]","[""vibration_slope"", ""vibration_delta_mean"", ""current_z_last"", ""current_slope"", ""temperature_delta_mean""]","[0.18983339368100502, 0.18760318619571742, 0.10309801643844015, 0.10282130562616912, 0.06757751707356341]"
synthetic,sensor_drift_029_w420,sensor_drift,sensor_drift,True,vibration_slope,"[""vibration_slope"", ""vibration_delta_mean"", ""current_slope""]","[""vibration_slope"", ""vibration_delta_mean"", ""current_slope"", ""current_z_last"", ""temperature_delta_mean""]","[0.18993914014247237, 0.18864429634604357, 0.102670579473428, 0.09929813408393458, 0.07063477212136579]"
synthetic,sensor_drift_029_w480,sensor_drift,sensor_drift,True,vibration_slope,"[""vibration_slope"", ""vibration_delta_mean"", ""current_slope""]","[""vibration_slope"", ""vibration_delta_mean"", ""current_slope"", ""current_z_last"", ""temperature_delta_mean""]","[0.18839984251945996, 0.18744603599792245, 0.10681420120971068, 0.09941704105411246, 0.070350940580469]"
synthetic,sensor_drift_032_w360,sensor_drift,sensor_drift,True,vibration_slope,"[""vibration_slope"", ""vibration_delta_mean"", ""current_slope""]","[""vibration_slope"", ""vibration_delta_mean"", ""current_slope"", ""current_z_last"", ""temperature_delta_mean""]","[0.18829035649722362, 0.1878730516798587, 0.10535075306318689, 0.10193592131648815, 0.06852347460628637]"
synthetic,sensor_drift_038_w300,sensor_drift,sensor_drift,True,vibration_slope,"[""vibration_slope"", ""vibration_delta_mean"", ""current_z_last""]","[""vibration_slope"", ""vibration_delta_mean"", ""current_z_last"", ""current_slope"", ""temperature_delta_mean""]","[0.19019498749886904, 0.18778343151172966, 0.10464721032457673, 0.10267046679168364, 0.06796726592743199]"
synthetic,sensor_drift_038_w420,sensor_drift,sensor_drift,True,vibration_slope,"[""vibration_slope"", ""vibration_delta_mean"", ""current_slope""]","[""vibration_slope"", ""vibration_delta_mean"", ""current_slope"", ""current_z_last"", ""temperature_delta_mean""]","[0.18981563902486986, 0.18757516489441278, 0.10322448504883325, 0.09886760669716267, 0.07041232094481678]"
synthetic,sensor_drift_038_w480,sensor_drift,sensor_drift,True,vibration_slope,"[""vibration_slope"", ""vibration_delta_mean"", ""current_slope""]","[""vibration_slope"", ""vibration_delta_mean"", ""current_slope"", ""current_z_last"", ""temperature_delta_mean""]","[0.18894409626176167, 0.18825014204226764, 0.1069060644402619, 0.10050666525186404, 0.0689632400936459]"
synthetic,sensor_drift_043_w360,sensor_drift,sensor_drift,True,vibration_slope,"[""vibration_slope"", ""vibration_delta_mean"", ""current_slope""]","[""vibration_slope"", ""vibration_delta_mean"", ""current_slope"", ""current_z_last"", ""temperature_delta_mean""]","[0.18900872934834498, 0.18852696187791454, 0.10545364162077184, 0.10152521541444157, 0.06865406491804621]"
synthetic,sensor_drift_044_w300,sensor_drift,sensor_drift,True,vibration_slope,"[""vibration_slope"", ""vibration_delta_mean"", ""current_slope""]","[""vibration_slope"", ""vibration_delta_mean"", ""current_slope"", ""current_z_last"", ""temperature_delta_mean""]","[0.1900756200685982, 0.18791411718190737, 0.10360545839140826, 0.10267554321627073, 0.06811323490167144]"
synthetic,sensor_drift_044_w360,sensor_drift,sensor_drift,True,vibration_slope,"[""vibration_slope"", ""vibration_delta_mean"", ""current_slope""]","[""vibration_slope"", ""vibration_delta_mean"", ""current_slope"", ""current_z_last"", ""temperature_delta_mean""]","[0.18811761901613447, 0.18781499279319078, 0.10537389189424705, 0.1047876344160752, 0.06921402317524938]"
synthetic,sensor_drift_044_w480,sensor_drift,sensor_drift,True,vibration_delta_mean,"[""vibration_delta_mean"", ""vibration_slope"", ""current_slope""]","[""vibration_delta_mean"", ""vibration_slope"", ""current_slope"", ""temperature_slope"", ""current_delta_mean""]","[0.21011658874658262, 0.20359131921575166, 0.11878878954030653, 0.08356566231403242, 0.0821758007060104]"
synthetic,sensor_drift_045_w300,sensor_drift,sensor_drift,True,vibration_slope,"[""vibration_slope"", ""vibration_delta_mean"", ""current_z_last""]","[""vibration_slope"", ""vibration_delta_mean"", ""current_z_last"", ""current_slope"", ""temperature_delta_mean""]","[0.19068330112179677, 0.1875987431313181, 0.104709603472513, 0.10338140814861259, 0.06790902485531337]"
synthetic,sensor_drift_046_w420,sensor_drift,sensor_drift,True,vibration_delta_mean,"[""vibration_delta_mean"", ""vibration_slope"", ""current_slope""]","[""vibration_delta_mean"", ""vibration_slope"", ""current_slope"", ""temperature_slope"", ""temperature_delta_mean""]","[0.20624959196761922, 0.20434873251927424, 0.1147843187480504, 0.08258989640163826, 0.08219093315282719]"
synthetic,sensor_drift_046_w480,sensor_drift,sensor_drift,True,vibration_slope,"[""vibration_slope"", ""vibration_delta_mean"", ""current_slope""]","[""vibration_slope"", ""vibration_delta_mean"", ""current_slope"", ""current_z_last"", ""temperature_delta_mean""]","[0.1873805314117923, 0.18663897459004955, 0.1066006791425341, 0.10302479385357488, 0.06961908177983374]"
synthetic,sensor_drift_047_w360,sensor_drift,sensor_drift,True,vibration_slope,"[""vibration_slope"", ""vibration_delta_mean"", ""current_z_last""]","[""vibration_slope"", ""vibration_delta_mean"", ""current_z_last"", ""current_slope"", ""temperature_delta_mean""]","[0.18750383541930582, 0.1860802863811339, 0.10632114539720346, 0.10523987673769465, 0.06895429990102334]"
synthetic,overvoltage_004_w360,overvoltage,overvoltage,True,current_z_last,"[""current_z_last"", ""vibration_delta_mean"", ""vibration_slope""]","[""current_z_last"", ""vibration_delta_mean"", ""vibration_slope"", ""current_slope"", ""current_delta_mean""]","[0.14996024560847995, 0.13424677849403016, 0.13196221914444836, 0.1289857813451593, 0.08485971644748702]"
synthetic,overvoltage_004_w480,overvoltage,overvoltage,True,vibration_slope,"[""vibration_slope"", ""vibration_delta_mean"", ""current_z_last""]","[""vibration_slope"", ""vibration_delta_mean"", ""current_z_last"", ""current_slope"", ""current_delta_mean""]","[0.20772192990068433, 0.17151892043399797, 0.13179562000885395, 0.11334799037191823, 0.07072522617413196]"
synthetic,overvoltage_006_w360,overvoltage,overvoltage,True,vibration_slope,"[""vibration_slope"", ""vibration_delta_mean"", ""current_z_last""]","[""vibration_slope"", ""vibration_delta_mean"", ""current_z_last"", ""current_slope"", ""current_delta_mean""]","[0.19890559693449758, 0.19464415943657348, 0.1331832573598174, 0.10811612910851744, 0.0715603534677778]"
synthetic,overvoltage_007_w360,overvoltage,overvoltage,True,vibration_slope,"[""vibration_slope"", ""current_z_last"", ""vibration_delta_mean""]","[""vibration_slope"", ""current_z_last"", ""vibration_delta_mean"", ""current_slope"", ""current_delta_mean""]","[0.15688989966717087, 0.14099405632957557, 0.13988889059175447, 0.1282779304674277, 0.07943459350184609]"
synthetic,overvoltage_007_w420,overvoltage,overvoltage,True,current_slope,"[""current_slope"", ""vibration_slope"", ""vibration_delta_mean""]","[""current_slope"", ""vibration_slope"", ""vibration_delta_mean"", ""current_delta_mean"", ""temperature_slope""]","[0.18321897643144572, 0.18302363560743382, 0.14557819886926543, 0.14310430922740533, 0.04510058221598567]"
synthetic,overvoltage_008_w300,overvoltage,overvoltage,True,vibration_slope,"[""vibration_slope"", ""vibration_delta_mean"", ""current_slope""]","[""vibration_slope"", ""vibration_delta_mean"", ""current_slope"", ""current_delta_mean"", ""temperature_slope""]","[0.2018432805785691, 0.1902963451652142, 0.16433288904581772, 0.12184427501906331, 0.046341068878127674]"
synthetic,overvoltage_008_w480,overvoltage,overvoltage,True,vibration_slope,"[""vibration_slope"", ""vibration_delta_mean"", ""current_z_last""]","[""vibration_slope"", ""vibration_delta_mean"", ""current_z_last"", ""current_slope"", ""current_delta_mean""]","[0.19466904001333998, 0.16780364805282286, 0.13371090427705307, 0.11496520414661333, 0.07597464964356837]"
synthetic,overvoltage_011_w360,overvoltage,overvoltage,True,vibration_slope,"[""vibration_slope"", ""vibration_delta_mean"", ""current_z_last""]","[""vibration_slope"", ""vibration_delta_mean"", ""current_z_last"", ""current_slope"", ""current_delta_mean""]","[0.2009955252986804, 0.19743845557780818, 0.12938596461237797, 0.10942212142854563, 0.062174176788435474]"
synthetic,overvoltage_011_w420,overvoltage,overvoltage,True,vibration_slope,"[""vibration_slope"", ""current_slope"", ""vibration_delta_mean""]","[""vibration_slope"", ""current_slope"", ""vibration_delta_mean"", ""current_delta_mean"", ""temperature_slope""]","[0.1903246122303008, 0.18414752211552177, 0.1635751981465738, 0.13940388412328714, 0.048540395375105225]"
synthetic,overvoltage_011_w480,overvoltage,overvoltage,True,vibration_slope,"[""vibration_slope"", ""vibration_delta_mean"", ""current_z_last""]","[""vibration_slope"", ""vibration_delta_mean"", ""current_z_last"", ""current_slope"", ""current_delta_mean""]","[0.20157911271192422, 0.19892706165752663, 0.11831676158741787, 0.10977015247038657, 0.07094754031432278]"
synthetic,overvoltage_022_w300,overvoltage,overvoltage,True,current_slope,"[""current_slope"", ""current_delta_mean"", ""vibration_delta_mean""]","[""current_slope"", ""current_delta_mean"", ""vibration_delta_mean"", ""vibration_slope"", ""temperature_slope""]","[0.20654535754214828, 0.15868114711369224, 0.13436868593362974, 0.13175388515509967, 0.046829855169937595]"
synthetic,overvoltage_027_w300,overvoltage,overvoltage,True,vibration_slope,"[""vibration_slope"", ""vibration_delta_mean"", ""current_slope""]","[""vibration_slope"", ""vibration_delta_mean"", ""current_slope"", ""current_delta_mean"", ""temperature_delta_mean""]","[0.2078191913456545, 0.199670911132653, 0.1566109440482178, 0.11176685173458939, 0.047091011893456276]"
synthetic,overvoltage_032_w480,overvoltage,overvoltage,True,current_z_last,"[""current_z_last"", ""vibration_slope"", ""current_slope""]","[""current_z_last"", ""vibration_slope"", ""current_slope"", ""vibration_delta_mean"", ""current_delta_mean""]","[0.13901544977476102, 0.13409415141024172, 0.1237130999148721, 0.11575822092332448, 0.07938704282813665]"
synthetic,overvoltage_033_w480,overvoltage,overvoltage,True,vibration_slope,"[""vibration_slope"", ""vibration_delta_mean"", ""current_z_last""]","[""vibration_slope"", ""vibration_delta_mean"", ""current_z_last"", ""current_slope"", ""current_delta_mean""]","[0.21508509392794115, 0.20523496832756408, 0.11219800653788499, 0.10630366788176586, 0.06856907359429962]"
synthetic,overvoltage_038_w300,overvoltage,overvoltage,True,current_slope,"[""current_slope"", ""vibration_slope"", ""current_delta_mean""]","[""current_slope"", ""vibration_slope"", ""current_delta_mean"", ""vibration_delta_mean"", ""temperature_delta_mean""]","[0.20977039277924497, 0.16674417169278496, 0.15770334417743323, 0.14487462374713828, 0.049242205409237]"
synthetic,overvoltage_038_w360,overvoltage,overvoltage,True,current_z_last,"[""current_z_last"", ""current_slope"", ""vibration_delta_mean""]","[""current_z_last"", ""current_slope"", ""vibration_delta_mean"", ""vibration_slope"", ""current_delta_mean""]","[0.15442226199225734, 0.1358441407973358, 0.12599546155078734, 0.12034136712521598, 0.08880144616151382]"
synthetic,overvoltage_038_w480,overvoltage,overvoltage,True,vibration_delta_mean,"[""vibration_delta_mean"", ""vibration_slope"", ""current_z_last""]","[""vibration_delta_mean"", ""vibration_slope"", ""current_z_last"", ""current_slope"", ""current_delta_mean""]","[0.17734703307201527, 0.16387281454810576, 0.12390733522706875, 0.10938796981506468, 0.07168352118924873]"
synthetic,overvoltage_040_w420,overvoltage,overvoltage,True,vibration_slope,"[""vibration_slope"", ""current_slope"", ""vibration_delta_mean""]","[""vibration_slope"", ""current_slope"", ""vibration_delta_mean"", ""current_delta_mean"", ""temperature_slope""]","[0.1918644772856995, 0.16920013334545572, 0.16654708752466346, 0.13010709897643938, 0.05100490480930415]"
synthetic,overvoltage_040_w480,overvoltage,overvoltage,True,vibration_slope,"[""vibration_slope"", ""vibration_delta_mean"", ""current_z_last""]","[""vibration_slope"", ""vibration_delta_mean"", ""current_z_last"", ""current_slope"", ""current_delta_mean""]","[0.21510189949551128, 0.20420504853339885, 0.11827190690061597, 0.10399382271474057, 0.06695126200191473]"
synthetic,overvoltage_041_w480,overvoltage,overvoltage,True,vibration_slope,"[""vibration_slope"", ""vibration_delta_mean"", ""current_z_last""]","[""vibration_slope"", ""vibration_delta_mean"", ""current_z_last"", ""current_slope"", ""current_delta_mean""]","[0.19758442864598877, 0.1716323179233392, 0.14080998056705785, 0.11399274196045132, 0.07296900364938788]"
synthetic,overvoltage_049_w480,overvoltage,overvoltage,True,vibration_slope,"[""vibration_slope"", ""vibration_delta_mean"", ""current_z_last""]","[""vibration_slope"", ""vibration_delta_mean"", ""current_z_last"", ""current_slope"", ""current_delta_mean""]","[0.20808382790464822, 0.19920398939385794, 0.1283551585838644, 0.10599396050108884, 0.07011718812694391]"
nasa_fd001,u001_e0050,healthy,healthy,True,s11_slope,"[""s11_slope"", ""s4_slope"", ""s11_delta_mean""]","[""s11_slope"", ""s4_slope"", ""s11_delta_mean"", ""s12_delta_mean"", ""s15_slope""]","[0.05350586250000893, 0.03947685174685958, 0.0366581696793223, 0.028730328266703988, 0.02752864560534]"
nasa_fd001,u001_e0080,healthy,healthy,True,s11_slope,"[""s11_slope"", ""s4_slope"", ""s11_delta_mean""]","[""s11_slope"", ""s4_slope"", ""s11_delta_mean"", ""s12_delta_mean"", ""s15_slope""]","[0.05296845031182972, 0.04135832621475547, 0.03609857814388475, 0.028474749926888455, 0.02768048171770051]"
nasa_fd001,u001_e0100,healthy,healthy,True,s11_slope,"[""s11_slope"", ""s11_delta_mean"", ""s4_slope""]","[""s11_slope"", ""s11_delta_mean"", ""s4_slope"", ""s21_delta_mean"", ""s15_slope""]","[0.04164966992457107, 0.040356498800203984, 0.03380740329153576, 0.033121945581368446, 0.032250074393303255]"
nasa_fd001,u001_e0140,healthy,healthy,True,s4_slope,"[""s4_slope"", ""s15_slope"", ""s11_slope""]","[""s4_slope"", ""s15_slope"", ""s11_slope"", ""s11_delta_mean"", ""s12_delta_mean""]","[0.04995971066249162, 0.04349412805357906, 0.043442193613624364, 0.040731327760740385, 0.03986448801659856]"
nasa_fd001,u001_e0170,degraded,degraded,True,s11_slope,"[""s11_slope"", ""s4_slope"", ""s11_delta_mean""]","[""s11_slope"", ""s4_slope"", ""s11_delta_mean"", ""s4_delta_mean"", ""s12_slope""]","[0.06255733236206917, 0.05690319053379512, 0.048905356480430325, 0.0349584517707493, 0.031259106925212055]"
nasa_fd001,u005_e0080,healthy,healthy,True,s11_slope,"[""s11_slope"", ""s4_slope"", ""s11_delta_mean""]","[""s11_slope"", ""s4_slope"", ""s11_delta_mean"", ""s12_delta_mean"", ""s15_slope""]","[0.051311946776054336, 0.03763661765145636, 0.03608821694176972, 0.027397711522630753, 0.02614088348928124]"
nasa_fd001,u005_e0110,healthy,healthy,True,s11_slope,"[""s11_slope"", ""s4_slope"", ""s11_delta_mean""]","[""s11_slope"", ""s4_slope"", ""s11_delta_mean"", ""s4_delta_mean"", ""s15_slope""]","[0.05054362370292849, 0.03860881657001708, 0.03503763374565776, 0.026996627214764465, 0.026637165303352774]"
nasa_fd001,u005_e0150,healthy,healthy,True,s11_slope,"[""s11_slope"", ""s4_slope"", ""s11_delta_mean""]","[""s11_slope"", ""s4_slope"", ""s11_delta_mean"", ""s12_delta_mean"", ""s4_delta_mean""]","[0.055610107401792376, 0.043316599007061335, 0.038017230299461684, 0.032289130030142416, 0.03118004679674164]"
nasa_fd001,u005_e0180,healthy,healthy,True,s11_slope,"[""s11_slope"", ""s4_slope"", ""s11_delta_mean""]","[""s11_slope"", ""s4_slope"", ""s11_delta_mean"", ""s21_delta_mean"", ""s15_slope""]","[0.05778160109192278, 0.04318870793273964, 0.036476000797404554, 0.03556391664702726, 0.03319388648123546]"
nasa_fd001,u005_e0230,healthy,degraded,False,s11_slope,"[""s11_slope"", ""s20_slope"", ""s21_delta_mean""]","[""s11_slope"", ""s20_slope"", ""s21_delta_mean"", ""s17_z_last"", ""s20_delta_mean""]","[0.057633365715523334, 0.04868702521472448, 0.04152499345564602, 0.04101538214902906, 0.03924040339881185]"
nasa_fd001,u005_e0250,degraded,degraded,True,s11_slope,"[""s11_slope"", ""s4_slope"", ""s11_delta_mean""]","[""s11_slope"", ""s4_slope"", ""s11_delta_mean"", ""s4_delta_mean"", ""s21_delta_mean""]","[0.054686360451717174, 0.05196048088409977, 0.0395188853724666, 0.033612898626455265, 0.0334046655314831]"
nasa_fd001,u005_e0260,degraded,degraded,True,s11_slope,"[""s11_slope"", ""s4_slope"", ""s11_delta_mean""]","[""s11_slope"", ""s4_slope"", ""s11_delta_mean"", ""s4_delta_mean"", ""s20_slope""]","[0.046671282317087996, 0.045768604383034386, 0.034836517884642114, 0.029183867896529228, 0.027612181694359694]"
nasa_fd001,u011_e0050,healthy,healthy,True,s11_slope,"[""s11_slope"", ""s4_slope"", ""s11_delta_mean""]","[""s11_slope"", ""s4_slope"", ""s11_delta_mean"", ""s4_delta_mean"", ""s12_delta_mean""]","[0.05440018986873477, 0.04448564591968394, 0.03856398504633862, 0.03091467147631542, 0.030471218246048492]"
nasa_fd001,u011_e0070,healthy,healthy,True,s11_slope,"[""s11_slope"", ""s4_slope"", ""s11_delta_mean""]","[""s11_slope"", ""s4_slope"", ""s11_delta_mean"", ""s12_delta_mean"", ""s12_slope""]","[0.05089624260551143, 0.03888525063838817, 0.03538689636179602, 0.027703642117325556, 0.026363658802057308]"
nasa_fd001,u011_e0130,healthy,healthy,True,s11_slope,"[""s11_slope"", ""s4_slope"", ""s11_delta_mean""]","[""s11_slope"", ""s4_slope"", ""s11_delta_mean"", ""s15_slope"", ""s21_delta_mean""]","[0.04362801914815063, 0.03757713789850816, 0.03561603887889811, 0.026602770662041995, 0.026423556361177627]"
nasa_fd001,u011_e0160,healthy,healthy,True,s11_slope,"[""s11_slope"", ""s11_delta_mean"", ""s12_delta_mean""]","[""s11_slope"", ""s11_delta_mean"", ""s12_delta_mean"", ""s12_slope"", ""s4_slope""]","[0.08930498760518284, 0.0634090747271151, 0.05054914784914678, 0.04923770071693704, 0.04257125608898954]"
nasa_fd001,u011_e0190,healthy,healthy,True,s4_slope,"[""s4_slope"", ""s21_delta_mean"", ""s11_slope""]","[""s4_slope"", ""s21_delta_mean"", ""s11_slope"", ""s11_delta_mean"", ""s17_slope""]","[0.05686138259579255, 0.0505735351533867, 0.04900745708031642, 0.04452812804124506, 0.03863606691756467]"
nasa_fd001,u011_e0200,healthy,degraded,False,s4_slope,"[""s4_slope"", ""s17_slope"", ""s11_slope""]","[""s4_slope"", ""s17_slope"", ""s11_slope"", ""s4_delta_mean"", ""s20_slope""]","[0.08195219520593666, 0.08116432228067885, 0.06249428602983206, 0.05269717510224118, 0.05123655445423729]"
nasa_fd001,u011_e0240,degraded,degraded,True,s11_slope,"[""s11_slope"", ""s4_slope"", ""s11_delta_mean""]","[""s11_slope"", ""s4_slope"", ""s11_delta_mean"", ""s21_delta_mean"", ""s4_delta_mean""]","[0.04826170737634734, 0.04489969065217796, 0.03523638589986426, 0.029895100403429156, 0.029351347267506805]"
nasa_fd001,u013_e0060,healthy,healthy,True,s11_slope,"[""s11_slope"", ""s4_slope"", ""s11_delta_mean""]","[""s11_slope"", ""s4_slope"", ""s11_delta_mean"", ""s12_delta_mean"", ""s4_delta_mean""]","[0.052205943573759024, 0.04089803010971188, 0.03639084497234163, 0.028535246040324896, 0.02733782288438518]"
nasa_fd001,u013_e0070,healthy,healthy,True,s11_slope,"[""s11_slope"", ""s4_slope"", ""s11_delta_mean""]","[""s11_slope"", ""s4_slope"", ""s11_delta_mean"", ""s4_delta_mean"", ""s12_delta_mean""]","[0.05181643829896767, 0.03790391286710475, 0.03548677395595662, 0.027594549804480246, 0.02680595422178137]"
nasa_fd001,u013_e0120,healthy,healthy,True,s4_slope,"[""s4_slope"", ""s11_slope"", ""s12_delta_mean""]","[""s4_slope"", ""s11_slope"", ""s12_delta_mean"", ""s12_slope"", ""s21_delta_mean""]","[0.06082112901762153, 0.053660817359030256, 0.05222817826634888, 0.049290975779461885, 0.04668646820203655]"
nasa_fd001,u013_e0130,healthy,healthy,True,s4_slope,"[""s4_slope"", ""s20_slope"", ""s21_delta_mean""]","[""s4_slope"", ""s20_slope"", ""s21_delta_mean"", ""s20_delta_mean"", ""s12_delta_mean""]","[0.06735069906248371, 0.05861409730182922, 0.05298908850290449, 0.05145592186099268, 0.04817074145979446]"
nasa_fd001,u013_e0140,degraded,degraded,True,s4_slope,"[""s4_slope"", ""s11_slope"", ""s21_delta_mean""]","[""s4_slope"", ""s11_slope"", ""s21_delta_mean"", ""s11_delta_mean"", ""s20_z_last""]","[0.06570196363096896, 0.0638804238376198, 0.06150994625745347, 0.050537258433772596, 0.04945538768389583]"
nasa_fd001,u013_e0160,degraded,degraded,True,s11_slope,"[""s11_slope"", ""s4_slope"", ""s11_delta_mean""]","[""s11_slope"", ""s4_slope"", ""s11_delta_mean"", ""s21_delta_mean"", ""s4_delta_mean""]","[0.05131336532422673, 0.04851519550105361, 0.03753378669119621, 0.03245643921545231, 0.02952472320093538]"
nasa_fd001,u019_e0050,healthy,healthy,True,s11_slope,"[""s11_slope"", ""s4_slope"", ""s11_delta_mean""]","[""s11_slope"", ""s4_slope"", ""s11_delta_mean"", ""s12_delta_mean"", ""s15_slope""]","[0.05143573468366115, 0.03879166212622609, 0.03567739316551972, 0.027235087754715386, 0.02676600883770232]"
nasa_fd001,u019_e0060,healthy,healthy,True,s11_slope,"[""s11_slope"", ""s4_slope"", ""s11_delta_mean""]","[""s11_slope"", ""s4_slope"", ""s11_delta_mean"", ""s15_slope"", ""s12_delta_mean""]","[0.05248696757756564, 0.0396658381328951, 0.0375929693986244, 0.02823531814807575, 0.027921659381461267]"
nasa_fd001,u023_e0120,healthy,healthy,True,s4_slope,"[""s4_slope"", ""s12_delta_mean"", ""s12_slope""]","[""s4_slope"", ""s12_delta_mean"", ""s12_slope"", ""s4_delta_mean"", ""s11_slope""]","[0.054500807637177524, 0.05067635096882401, 0.047671567685534544, 0.042879750885824755, 0.04255756119394759]"
nasa_fd001,u023_e0130,healthy,healthy,True,s11_slope,"[""s11_slope"", ""s11_delta_mean"", ""s21_delta_mean""]","[""s11_slope"", ""s11_delta_mean"", ""s21_delta_mean"", ""s4_slope"", ""s4_delta_mean""]","[0.07121968979992414, 0.06933959024887976, 0.06289951355982117, 0.06053276611121595, 0.05542772743899686]"
nasa_fd001,u023_e0160,degraded,degraded,True,s11_slope,"[""s11_slope"", ""s4_slope"", ""s11_delta_mean""]","[""s11_slope"", ""s4_slope"", ""s11_delta_mean"", ""s21_delta_mean"", ""s12_delta_mean""]","[0.06132825098396485, 0.046318896421994285, 0.045287901500851505, 0.03709972298747386, 0.03301537706444678]"
nasa_fd001,u027_e0050,healthy,healthy,True,s11_slope,"[""s11_slope"", ""s4_slope"", ""s11_delta_mean""]","[""s11_slope"", ""s4_slope"", ""s11_delta_mean"", ""s12_delta_mean"", ""s12_slope""]","[0.052592058382966475, 0.038918073049198136, 0.03641240585859074, 0.026725736202689386, 0.026476941848414804]"
nasa_fd001,u027_e0080,healthy,healthy,True,s11_slope,"[""s11_slope"", ""s11_delta_mean"", ""s4_slope""]","[""s11_slope"", ""s11_delta_mean"", ""s4_slope"", ""s12_delta_mean"", ""s21_delta_mean""]","[0.055529853432257234, 0.03885466983660847, 0.03721932866446013, 0.030547502993472156, 0.03054397065969587]"
nasa_fd001,u027_e0090,healthy,healthy,True,s11_slope,"[""s11_slope"", ""s4_slope"", ""s11_delta_mean""]","[""s11_slope"", ""s4_slope"", ""s11_delta_mean"", ""s12_delta_mean"", ""s21_delta_mean""]","[0.05519363426486671, 0.04145430411853401, 0.03832432062534177, 0.03089561786127683, 0.030002624794401304]"
nasa_fd001,u027_e0100,healthy,healthy,True,s11_slope,"[""s11_slope"", ""s11_delta_mean"", ""s4_slope""]","[""s11_slope"", ""s11_delta_mean"", ""s4_slope"", ""s15_slope"", ""s20_delta_mean""]","[0.06128531104424077, 0.03950523985254964, 0.03711618004705099, 0.03450290546988615, 0.03128552147773531]"
nasa_fd001,u031_e0060,healthy,healthy,True,s11_slope,"[""s11_slope"", ""s4_slope"", ""s11_delta_mean""]","[""s11_slope"", ""s4_slope"", ""s11_delta_mean"", ""s12_delta_mean"", ""s15_slope""]","[0.05107395466065988, 0.039673884567530134, 0.036341477042631645, 0.028436434297408004, 0.027516587739127747]"
nasa_fd001,u031_e0080,healthy,healthy,True,s11_slope,"[""s11_slope"", ""s4_slope"", ""s11_delta_mean""]","[""s11_slope"", ""s4_slope"", ""s11_delta_mean"", ""s12_delta_mean"", ""s15_slope""]","[0.05013316573914167, 0.038780046249970036, 0.03414035311785136, 0.027419343515479436, 0.02603090250951438]"
nasa_fd001,u031_e0140,healthy,healthy,True,s11_slope,"[""s11_slope"", ""s11_delta_mean"", ""s4_slope""]","[""s11_slope"", ""s11_delta_mean"", ""s4_slope"", ""s15_slope"", ""s12_delta_mean""]","[0.060421996133162764, 0.04364426161857562, 0.03713118460523931, 0.03370672266594325, 0.03227311458319049]"
nasa_fd001,u031_e0170,healthy,healthy,True,s4_slope,"[""s4_slope"", ""s11_slope"", ""s4_delta_mean""]","[""s4_slope"", ""s11_slope"", ""s4_delta_mean"", ""s12_delta_mean"", ""s11_delta_mean""]","[0.07342726890446565, 0.06834892792472405, 0.0648095989282232, 0.05838074231864592, 0.05085714053714677]"
nasa_fd001,u031_e0180,healthy,healthy,True,s21_delta_mean,"[""s21_delta_mean"", ""s11_slope"", ""s4_slope""]","[""s21_delta_mean"", ""s11_slope"", ""s4_slope"", ""s11_delta_mean"", ""s12_delta_mean""]","[0.08659544023521834, 0.06516497979320295, 0.059490292616569955, 0.057207599086592245, 0.056701415626350074]"
nasa_fd001,u031_e0210,degraded,degraded,True,s11_slope,"[""s11_slope"", ""s4_slope"", ""s11_delta_mean""]","[""s11_slope"", ""s4_slope"", ""s11_delta_mean"", ""s12_slope"", ""s21_delta_mean""]","[0.05334831018182747, 0.04765554023603433, 0.038475103851332126, 0.035355926124124984, 0.03374631685423701]"
nasa_fd001,u032_e0090,healthy,healthy,True,s11_slope,"[""s11_slope"", ""s4_slope"", ""s11_delta_mean""]","[""s11_slope"", ""s4_slope"", ""s11_delta_mean"", ""s12_delta_mean"", ""s4_delta_mean""]","[0.051159660040561716, 0.03947429624213372, 0.03506961125052508, 0.02675035154746031, 0.0266833744680466]"
nasa_fd001,u032_e0140,healthy,healthy,True,s11_slope,"[""s11_slope"", ""s11_delta_mean"", ""s4_slope""]","[""s11_slope"", ""s11_delta_mean"", ""s4_slope"", ""s12_delta_mean"", ""s21_delta_mean""]","[0.053619451541560066, 0.042965546447787724, 0.03849505870630296, 0.037270891123514345, 0.03678421501176868]"
nasa_fd001,u032_e0160,healthy,healthy,True,s21_delta_mean,"[""s21_delta_mean"", ""s11_slope"", ""s11_delta_mean""]","[""s21_delta_mean"", ""s11_slope"", ""s11_delta_mean"", ""s20_slope"", ""s4_slope""]","[0.06988863270858223, 0.056781229023094806, 0.05318326172329787, 0.05287257931488747, 0.050228319427823666]"
nasa_fd001,u034_e0060,healthy,healthy,True,s11_slope,"[""s11_slope"", ""s4_slope"", ""s11_delta_mean""]","[""s11_slope"", ""s4_slope"", ""s11_delta_mean"", ""s12_delta_mean"", ""s12_slope""]","[0.05104420506054264, 0.03838234581324814, 0.03565541534999197, 0.027965977163648063, 0.026576899917952004]"
nasa_fd001,u034_e0090,healthy,healthy,True,s11_slope,"[""s11_slope"", ""s4_slope"", ""s11_delta_mean""]","[""s11_slope"", ""s4_slope"", ""s11_delta_mean"", ""s12_delta_mean"", ""s12_slope""]","[0.0558363959643071, 0.042414817780815864, 0.04019551718132451, 0.03355808782796622, 0.0309517699655232]"
nasa_fd001,u034_e0100,healthy,healthy,True,s11_slope,"[""s11_slope"", ""s11_delta_mean"", ""s4_slope""]","[""s11_slope"", ""s11_delta_mean"", ""s4_slope"", ""s12_delta_mean"", ""s12_slope""]","[0.054215323330303655, 0.037822316360555636, 0.03383526550267905, 0.030069136971548973, 0.027969733783321234]"
nasa_fd001,u034_e0120,healthy,healthy,True,s11_slope,"[""s11_slope"", ""s11_delta_mean"", ""s4_slope""]","[""s11_slope"", ""s11_delta_mean"", ""s4_slope"", ""s4_delta_mean"", ""s20_slope""]","[0.058373267002659754, 0.04173340472533333, 0.040686371689285517, 0.030781012442027855, 0.030418231704343972]"
nasa_fd001,u034_e0170,degraded,degraded,True,s4_slope,"[""s4_slope"", ""s12_delta_mean"", ""s11_slope""]","[""s4_slope"", ""s12_delta_mean"", ""s11_slope"", ""s14_delta_mean"", ""s21_slope""]","[0.07728374592924134, 0.04833844740991097, 0.03561748196819248, 0.03057528263205339, 0.027931120358126803]"
nasa_fd001,u040_e0050,healthy,healthy,True,s11_slope,"[""s11_slope"", ""s4_slope"", ""s11_delta_mean""]","[""s11_slope"", ""s4_slope"", ""s11_delta_mean"", ""s12_delta_mean"", ""s15_slope""]","[0.05157785957333641, 0.0399633542991855, 0.03590367263463876, 0.028282088233112505, 0.026952260585309834]"
nasa_fd001,u040_e0080,healthy,healthy,True,s11_slope,"[""s11_slope"", ""s4_slope"", ""s11_delta_mean""]","[""s11_slope"", ""s4_slope"", ""s11_delta_mean"", ""s12_delta_mean"", ""s4_delta_mean""]","[0.0510833059260732, 0.03924565090193123, 0.0366271706978154, 0.026500031770697638, 0.026328878334594366]"
nasa_fd001,u040_e0180,degraded,degraded,True,s4_slope,"[""s4_slope"", ""s11_slope"", ""s11_delta_mean""]","[""s4_slope"", ""s11_slope"", ""s11_delta_mean"", ""s21_slope"", ""s4_delta_mean""]","[0.05047041505566808, 0.04659776497766628, 0.03666783382482812, 0.035657080862253006, 0.03380814800850468]"
nasa_fd001,u043_e0050,healthy,healthy,True,s11_slope,"[""s11_slope"", ""s4_slope"", ""s11_delta_mean""]","[""s11_slope"", ""s4_slope"", ""s11_delta_mean"", ""s12_delta_mean"", ""s15_slope""]","[0.05115997434613853, 0.03998404241502106, 0.03700290013702679, 0.028016640966074563, 0.027480981240780106]"
nasa_fd001,u043_e0100,healthy,healthy,True,s11_slope,"[""s11_slope"", ""s11_delta_mean"", ""s4_slope""]","[""s11_slope"", ""s11_delta_mean"", ""s4_slope"", ""s12_delta_mean"", ""s15_slope""]","[0.053179995797306166, 0.037478780778002714, 0.034893197279383455, 0.028606740739056166, 0.027356588577497908]"
nasa_fd001,u043_e0130,healthy,healthy,True,s11_slope,"[""s11_slope"", ""s11_delta_mean"", ""s4_slope""]","[""s11_slope"", ""s11_delta_mean"", ""s4_slope"", ""s15_slope"", ""s4_delta_mean""]","[0.06974193542015415, 0.05373776033164221, 0.05020686534731056, 0.0421411821476469, 0.0413290946424523]"
nasa_fd001,u043_e0140,healthy,healthy,True,s4_slope,"[""s4_slope"", ""s4_delta_mean"", ""s15_delta_mean""]","[""s4_slope"", ""s4_delta_mean"", ""s15_delta_mean"", ""s11_slope"", ""s21_slope""]","[0.062443494312035504, 0.05927163947818118, 0.04828816150568206, 0.04308931405645077, 0.040377930699126555]"
nasa_fd001,u043_e0180,degraded,degraded,True,s11_slope,"[""s11_slope"", ""s4_slope"", ""s11_delta_mean""]","[""s11_slope"", ""s4_slope"", ""s11_delta_mean"", ""s12_slope"", ""s12_delta_mean""]","[0.0546771876271442, 0.048709264910536065, 0.04389717865170961, 0.03631145244445192, 0.034913525386935956]"
nasa_fd001,u043_e0190,degraded,degraded,True,s11_slope,"[""s11_slope"", ""s4_slope"", ""s11_delta_mean""]","[""s11_slope"", ""s4_slope"", ""s11_delta_mean"", ""s21_delta_mean"", ""s12_slope""]","[0.053614916036560906, 0.04474169470152023, 0.03725036635107243, 0.03318984310839363, 0.03288109438553767]"
nasa_fd001,u045_e0050,healthy,healthy,True,s11_slope,"[""s11_slope"", ""s4_slope"", ""s11_delta_mean""]","[""s11_slope"", ""s4_slope"", ""s11_delta_mean"", ""s15_slope"", ""s12_delta_mean""]","[0.05222075870448331, 0.04115213240792061, 0.03569247280214472, 0.027941566334180504, 0.027286658500907217]"
nasa_fd001,u045_e0090,healthy,healthy,True,s11_slope,"[""s11_slope"", ""s11_delta_mean"", ""s4_slope""]","[""s11_slope"", ""s11_delta_mean"", ""s4_slope"", ""s20_slope"", ""s20_delta_mean""]","[0.06897526117472963, 0.048228059632912684, 0.04358239176981675, 0.0364706781501089, 0.035219959259151834]"
nasa_fd001,u045_e0100,healthy,healthy,True,s11_slope,"[""s11_slope"", ""s11_delta_mean"", ""s4_slope""]","[""s11_slope"", ""s11_delta_mean"", ""s4_slope"", ""s12_delta_mean"", ""s21_delta_mean""]","[0.07250170922486807, 0.0489736636050257, 0.044871689387969, 0.040009176039382005, 0.03487414711482369]"
nasa_fd001,u046_e0070,healthy,healthy,True,s11_slope,"[""s11_slope"", ""s4_slope"", ""s11_delta_mean""]","[""s11_slope"", ""s4_slope"", ""s11_delta_mean"", ""s12_delta_mean"", ""s15_slope""]","[0.049933571384352726, 0.038879757561922065, 0.035604570725174894, 0.027578311960046044, 0.025872770985457927]"
nasa_fd001,u046_e0090,healthy,healthy,True,s11_slope,"[""s11_slope"", ""s4_slope"", ""s11_delta_mean""]","[""s11_slope"", ""s4_slope"", ""s11_delta_mean"", ""s12_delta_mean"", ""s12_slope""]","[0.05235935578018864, 0.03850405226819395, 0.036821288126584195, 0.028584619459796616, 0.028196729963811548]"
nasa_fd001,u046_e0150,healthy,healthy,True,s11_slope,"[""s11_slope"", ""s4_slope"", ""s11_delta_mean""]","[""s11_slope"", ""s4_slope"", ""s11_delta_mean"", ""s15_slope"", ""s21_delta_mean""]","[0.05939248508038091, 0.044395917405119445, 0.04157117054126868, 0.032211842362159675, 0.032051129485948036]"
nasa_fd001,u046_e0170,healthy,healthy,True,s15_slope,"[""s15_slope"", ""s21_delta_mean"", ""s12_delta_mean""]","[""s15_slope"", ""s21_delta_mean"", ""s12_delta_mean"", ""s12_slope"", ""s7_slope""]","[0.042443429842904494, 0.03893692277805614, 0.038734325086346416, 0.03851459073504378, 0.03264721708643661]"
nasa_fd001,u046_e0180,healthy,healthy,True,s21_delta_mean,"[""s21_delta_mean"", ""s11_slope"", ""s7_delta_mean""]","[""s21_delta_mean"", ""s11_slope"", ""s7_delta_mean"", ""s7_slope"", ""s17_slope""]","[0.05027752731579105, 0.044375272898611894, 0.042547202031788696, 0.03765225684248753, 0.036705058770344544]"
nasa_fd001,u046_e0190,healthy,healthy,True,s4_slope,"[""s4_slope"", ""s4_delta_mean"", ""s21_delta_mean""]","[""s4_slope"", ""s4_delta_mean"", ""s21_delta_mean"", ""s12_slope"", ""s11_slope""]","[0.06643971104384641, 0.05159620967720465, 0.050647270610064674, 0.04820545432814871, 0.04414922757092695]"
nasa_fd001,u054_e0070,healthy,healthy,True,s11_slope,"[""s11_slope"", ""s4_slope"", ""s11_delta_mean""]","[""s11_slope"", ""s4_slope"", ""s11_delta_mean"", ""s12_delta_mean"", ""s15_slope""]","[0.05239103965091988, 0.040245389135940016, 0.03659461838878764, 0.02858115649449701, 0.026590654961930495]"
nasa_fd001,u054_e0100,healthy,healthy,True,s11_slope,"[""s11_slope"", ""s4_slope"", ""s11_delta_mean""]","[""s11_slope"", ""s4_slope"", ""s11_delta_mean"", ""s12_slope"", ""s15_slope""]","[0.05018779610154827, 0.03895257423337095, 0.035041684444513235, 0.027687545698783775, 0.027207142909149357]"
nasa_fd001,u054_e0150,healthy,healthy,True,s11_slope,"[""s11_slope"", ""s4_slope"", ""s11_delta_mean""]","[""s11_slope"", ""s4_slope"", ""s11_delta_mean"", ""s12_delta_mean"", ""s15_slope""]","[0.05462827122654933, 0.03996972173659494, 0.03544258544704891, 0.03146554133059858, 0.02916112651325575]"
nasa_fd001,u054_e0250,degraded,degraded,True,s4_slope,"[""s4_slope"", ""s11_slope"", ""s11_delta_mean""]","[""s4_slope"", ""s11_slope"", ""s11_delta_mean"", ""s21_delta_mean"", ""s4_delta_mean""]","[0.05174153218863756, 0.05163624233121581, 0.03803048553388998, 0.03226694798762975, 0.031042861791456655]"
nasa_fd001,u056_e0070,healthy,healthy,True,s11_slope,"[""s11_slope"", ""s4_slope"", ""s11_delta_mean""]","[""s11_slope"", ""s4_slope"", ""s11_delta_mean"", ""s12_delta_mean"", ""s15_slope""]","[0.05094440407340721, 0.03993920678786008, 0.03562768043712461, 0.02656109341017759, 0.026345597472039968]"
nasa_fd001,u056_e0080,healthy,healthy,True,s11_slope,"[""s11_slope"", ""s4_slope"", ""s11_delta_mean""]","[""s11_slope"", ""s4_slope"", ""s11_delta_mean"", ""s12_delta_mean"", ""s15_slope""]","[0.05423882238715721, 0.04039571120763666, 0.03744192892931645, 0.029531629663022623, 0.028338493854795085]"
nasa_fd001,u056_e0110,healthy,healthy,True,s11_slope,"[""s11_slope"", ""s4_slope"", ""s11_delta_mean""]","[""s11_slope"", ""s4_slope"", ""s11_delta_mean"", ""s12_delta_mean"", ""s4_delta_mean""]","[0.05598978168151062, 0.04228938051820306, 0.03909571815063331, 0.02953645988821534, 0.029498216943381353]"
nasa_fd001,u056_e0190,healthy,healthy,True,s11_slope,"[""s11_slope"", ""s11_delta_mean"", ""s4_slope""]","[""s11_slope"", ""s11_delta_mean"", ""s4_slope"", ""s15_slope"", ""s4_delta_mean""]","[0.05636704116655858, 0.03925329162210219, 0.03769141011245183, 0.02883796333245625, 0.02881361672272448]"
nasa_fd001,u056_e0240,healthy,healthy,True,s7_delta_mean,"[""s7_delta_mean"", ""s11_delta_mean"", ""s11_slope""]","[""s7_delta_mean"", ""s11_delta_mean"", ""s11_slope"", ""s4_delta_mean"", ""s12_delta_mean""]","[0.06269407877919812, 0.06194125135318345, 0.057741034328458896, 0.037022759166452174, 0.03266673320741772]"
nasa_fd001,u056_e0260,degraded,degraded,True,s7_slope,"[""s7_slope"", ""s7_delta_mean"", ""s4_slope""]","[""s7_slope"", ""s7_delta_mean"", ""s4_slope"", ""s4_delta_mean"", ""s9_slope""]","[0.07815715190810925, 0.07666365877248392, 0.05990205518466227, 0.03864642529413766, 0.03639466810380894]"
nasa_fd001,u070_e0120,degraded,degraded,True,s11_slope,"[""s11_slope"", ""s4_slope"", ""s11_delta_mean""]","[""s11_slope"", ""s4_slope"", ""s11_delta_mean"", ""s21_delta_mean"", ""s4_delta_mean""]","[0.05085064929231055, 0.04317046445707621, 0.039346119177861384, 0.03230567418900566, 0.030630067692063997]"
nasa_fd001,u071_e0190,degraded,degraded,True,s20_z_last,"[""s20_z_last"", ""s11_slope"", ""s4_slope""]","[""s20_z_last"", ""s11_slope"", ""s4_slope"", ""s11_delta_mean"", ""s4_delta_mean""]","[0.060979545974548716, 0.051650527725040966, 0.04414838335279353, 0.03820508688100829, 0.03344785514083603]"
nasa_fd001,u074_e0100,healthy,healthy,True,s11_slope,"[""s11_slope"", ""s11_delta_mean"", ""s4_slope""]","[""s11_slope"", ""s11_delta_mean"", ""s4_slope"", ""s17_slope"", ""s12_delta_mean""]","[0.07667775224445811, 0.05171228250052831, 0.046874694747795265, 0.04390934099275388, 0.0363761890477567]"
nasa_fd001,u077_e0070,healthy,healthy,True,s11_slope,"[""s11_slope"", ""s4_slope"", ""s11_delta_mean""]","[""s11_slope"", ""s4_slope"", ""s11_delta_mean"", ""s12_delta_mean"", ""s15_slope""]","[0.05074470209011333, 0.03867944079147226, 0.0361173618025885, 0.027603244070387136, 0.02651936775620593]"
nasa_fd001,u077_e0130,degraded,healthy,False,s11_slope,"[""s11_slope"", ""s11_delta_mean"", ""s20_slope""]","[""s11_slope"", ""s11_delta_mean"", ""s20_slope"", ""s4_slope"", ""s21_slope""]","[0.07416459559684037, 0.06739233534826876, 0.06319100157809437, 0.0624673175282619, 0.045767767983735955]"
nasa_fd001,u078_e0070,healthy,healthy,True,s11_slope,"[""s11_slope"", ""s4_slope"", ""s11_delta_mean""]","[""s11_slope"", ""s4_slope"", ""s11_delta_mean"", ""s15_slope"", ""s12_delta_mean""]","[0.05045812975447063, 0.03842562683953094, 0.03494951186156941, 0.025876379662895375, 0.025808680771013125]"
nasa_fd001,u078_e0080,healthy,healthy,True,s11_slope,"[""s11_slope"", ""s4_slope"", ""s11_delta_mean""]","[""s11_slope"", ""s4_slope"", ""s11_delta_mean"", ""s15_slope"", ""s4_delta_mean""]","[0.051323357569928785, 0.0378213786446315, 0.03582132987682989, 0.02696015979258808, 0.026825422698881565]"
nasa_fd001,u078_e0170,healthy,healthy,True,s15_slope,"[""s15_slope"", ""s21_delta_mean"", ""s15_delta_mean""]","[""s15_slope"", ""s21_delta_mean"", ""s15_delta_mean"", ""s21_slope"", ""s11_slope""]","[0.07238292930844994, 0.05874932392599962, 0.05076993129637885, 0.04734083635837816, 0.04314553021259348]"
nasa_fd001,u078_e0180,healthy,healthy,True,s21_delta_mean,"[""s21_delta_mean"", ""s11_slope"", ""s11_delta_mean""]","[""s21_delta_mean"", ""s11_slope"", ""s11_delta_mean"", ""s21_slope"", ""s4_slope""]","[0.08491624032241529, 0.06498896260694394, 0.06240347902950907, 0.05222762268674503, 0.04493912036410457]"
nasa_fd001,u078_e0190,healthy,degraded,False,s11_slope,"[""s11_slope"", ""s4_slope"", ""s11_delta_mean""]","[""s11_slope"", ""s4_slope"", ""s11_delta_mean"", ""s12_slope"", ""s12_delta_mean""]","[0.06232855117078868, 0.04958896727532648, 0.042178022665348244, 0.03979632083190603, 0.03680996588740265]"
nasa_fd001,u081_e0120,healthy,healthy,True,s11_slope,"[""s11_slope"", ""s11_delta_mean"", ""s4_slope""]","[""s11_slope"", ""s11_delta_mean"", ""s4_slope"", ""s20_slope"", ""s21_delta_mean""]","[0.05922115670647765, 0.04071861598684463, 0.04012595978400419, 0.029490055820017253, 0.02929425726654901]"
nasa_fd001,u081_e0130,healthy,healthy,True,s11_slope,"[""s11_slope"", ""s4_slope"", ""s11_delta_mean""]","[""s11_slope"", ""s4_slope"", ""s11_delta_mean"", ""s4_delta_mean"", ""s17_slope""]","[0.07376127711764455, 0.04706781098838935, 0.046291014008381766, 0.03937527336217625, 0.037705026249913565]"
nasa_fd001,u081_e0150,healthy,healthy,True,s11_slope,"[""s11_slope"", ""s4_slope"", ""s11_delta_mean""]","[""s11_slope"", ""s4_slope"", ""s11_delta_mean"", ""s4_delta_mean"", ""s20_slope""]","[0.06810726529572428, 0.04854711187484233, 0.047200390907407866, 0.036295176597233296, 0.03589017886418942]"
nasa_fd001,u081_e0170,healthy,healthy,True,s11_slope,"[""s11_slope"", ""s4_slope"", ""s21_delta_mean""]","[""s11_slope"", ""s4_slope"", ""s21_delta_mean"", ""s15_slope"", ""s20_slope""]","[0.04758391842692679, 0.040325533060438186, 0.0375954891715763, 0.034844955289184326, 0.03462036799396139]"
nasa_fd001,u081_e0180,healthy,healthy,True,s4_slope,"[""s4_slope"", ""s7_delta_mean"", ""s4_delta_mean""]","[""s4_slope"", ""s7_delta_mean"", ""s4_delta_mean"", ""s11_slope"", ""s7_slope""]","[0.06424941320338541, 0.05745970071965021, 0.057286852429377075, 0.055429864729176825, 0.05509606945242471]"
nasa_fd001,u081_e0190,healthy,healthy,True,s12_delta_mean,"[""s12_delta_mean"", ""s4_slope"", ""s7_slope""]","[""s12_delta_mean"", ""s4_slope"", ""s7_slope"", ""s7_delta_mean"", ""s12_slope""]","[0.07563088534988813, 0.05967273540388967, 0.057837028085628, 0.05616869084005157, 0.05127287929839337]"
nasa_fd001,u081_e0200,healthy,degraded,False,s11_delta_mean,"[""s11_delta_mean"", ""s11_slope"", ""s21_delta_mean""]","[""s11_delta_mean"", ""s11_slope"", ""s21_delta_mean"", ""s21_slope"", ""s4_slope""]","[0.10184194835934368, 0.07793894845337486, 0.04904832473302901, 0.04523970843500622, 0.04096934996772901]"
nasa_fd001,u081_e0230,degraded,degraded,True,s20_slope,"[""s20_slope"", ""s11_slope"", ""s4_slope""]","[""s20_slope"", ""s11_slope"", ""s4_slope"", ""s11_delta_mean"", ""s21_delta_mean""]","[0.0659536292372571, 0.05956929841060252, 0.04868374447107966, 0.04717756851849379, 0.03887230037806204]"
nasa_fd001,u084_e0170,healthy,healthy,True,s11_slope,"[""s11_slope"", ""s4_slope"", ""s11_delta_mean""]","[""s11_slope"", ""s4_slope"", ""s11_delta_mean"", ""s12_delta_mean"", ""s21_delta_mean""]","[0.05556608455792965, 0.03915341293629141, 0.03910665218549067, 0.0315279978214641, 0.030538328757310364]"
nasa_fd001,u084_e0180,healthy,healthy,True,s11_slope,"[""s11_slope"", ""s11_delta_mean"", ""s4_slope""]","[""s11_slope"", ""s11_delta_mean"", ""s4_slope"", ""s12_delta_mean"", ""s12_slope""]","[0.05593693730001753, 0.03969745282601899, 0.036878248161809256, 0.0325562620635985, 0.031124095786031897]"
nasa_fd001,u084_e0240,degraded,healthy,False,s11_slope,"[""s11_slope"", ""s21_delta_mean"", ""s20_delta_mean""]","[""s11_slope"", ""s21_delta_mean"", ""s20_delta_mean"", ""s4_slope"", ""s21_slope""]","[0.058817495051192686, 0.05678085662995673, 0.054009502407602, 0.0492995461500816, 0.04519586817541348]"
nasa_fd001,u089_e0120,healthy,healthy,True,s11_slope,"[""s11_slope"", ""s4_slope"", ""s11_delta_mean""]","[""s11_slope"", ""s4_slope"", ""s11_delta_mean"", ""s12_delta_mean"", ""s20_slope""]","[0.05977016440432394, 0.043149118917861946, 0.04201880341928466, 0.034782352683158636, 0.03075654189650481]"
nasa_fd001,u089_e0150,healthy,healthy,True,s11_slope,"[""s11_slope"", ""s11_delta_mean"", ""s20_slope""]","[""s11_slope"", ""s11_delta_mean"", ""s20_slope"", ""s4_slope"", ""s21_delta_mean""]","[0.0790251340306258, 0.05675920829576945, 0.04248951723005738, 0.0412702934992046, 0.04069428780847494]"
nasa_fd001,u091_e0110,degraded,healthy,False,s21_delta_mean,"[""s21_delta_mean"", ""s12_delta_mean"", ""s12_slope""]","[""s21_delta_mean"", ""s12_delta_mean"", ""s12_slope"", ""s21_slope"", ""s11_slope""]","[0.07748774748851782, 0.07639389753457299, 0.0569653441739789, 0.051328019898329795, 0.0507015563527862]"
